member_id,predicted_risk,risk_probability
U00001,1,0.6040674
U00002,1,0.62403
U00003,0,0.29887754
U00004,0,0.07152656
U00005,0,0.05724021
U00006,0,0.057725362
U00007,1,0.59636563
U00008,0,0.3308305
U00009,0,0.21672548
U00010,0,0.042847443
U00011,0,0.13796808
U00012,0,0.1573208
U00013,0,0.23574506
U00014,1,0.51866466
U00015,0,0.04310611
